{"1": [43.07213069, -89.40693697], "2": [43.07197055, -89.39872296], "3": [43.07469792, -89.38829311], "4": [43.07342978, -89.38364990000001], "5": [43.07640581, -89.38145787], "6": [43.08081875, -89.3751695], "7": [43.08738567, -89.36582778], "8": [43.08723379, -89.36664359], "9": [43.08128263, -89.37513973], "10": [43.07600048, -89.38246415], "11": [43.07597703, -89.38466722], "12": [43.07482877, -89.38954362], "13": [43.0733395, -89.3988315], "14": [43.07345003, -89.40711493], "15": [43.09197305, -89.35934698], "16": [43.09590366, -89.35409311], "17": [43.10068567, -89.34826140000001], "18": [43.1043099, -89.34157133], "19": [43.10940988, -89.33530377], "20": [43.12004205, -89.32993198], "21": [43.11899862, -89.32102914], "22": [43.12382305, -89.31387599], "23": [43.12643795, -89.30702593], "24": [43.12361428, -89.31491640000002], "25": [43.11916563, -89.32135667], "26": [43.12022541, -89.32965984], "27": [43.10901505, -89.33633798], "28": [43.10451615, -89.34192656], "29": [43.10014612, -89.34916771], "30": [43.096388899999994, -89.35407107], "31": [43.09198505, -89.36003098], "32": [43.09394346, -89.3634637], "33": [43.10707205, -89.36378397], "34": [43.11400905, -89.36367197], "35": [43.12245905, -89.36356397], "36": [43.12628705, -89.36346397], "37": [43.12899231, -89.36339868], "38": [43.13001325, -89.36367985], "39": [43.12634505, -89.36370097], "40": [43.12181105, -89.36375497], "41": [43.11376622, -89.36348262], "42": [43.10703205, -89.36397397], "43": [43.09360097, -89.36377255], "44": [43.06735206, -89.40109497], "45": [43.06292906, -89.40094097], "46": [43.05966706, -89.40096797], "47": [43.05364606, -89.39637497], "48": [43.04951806, -89.39423697], "49": [43.04585506, -89.39423197], "50": [43.04156006, -89.39420097], "51": [43.03954306, -89.39473897], "52": [43.03865206, -89.40309997], "53": [43.03111307, -89.40951797], "54": [43.02627307, -89.41307097], "55": [43.02031907, -89.42024197], "56": [43.01942507, -89.41900997], "57": [43.02684907, -89.41220097], "58": [43.03199183, -89.40843527], "59": [43.03855806, -89.40307197], "60": [43.03892806, -89.39495597], "61": [43.04203806, -89.39383597], "62": [43.04592106, -89.39388997], "63": [43.04942006, -89.39392497], "64": [43.05440906, -89.39662597], "65": [43.06011706, -89.40061297], "66": [43.06373406, -89.40062397], "67": [43.06805506, -89.40074297], "68": [43.07399001, -89.42052873], "69": [43.073891499999995, -89.43459037], "70": [43.07538055, -89.44424767], "71": [43.07548719, -89.45161906], "72": [43.07305567, -89.45733436], "73": [43.07294548, -89.46457457], "74": [43.06101701, -89.47275412], "75": [43.06097757, -89.47881455], "76": [43.06093234, -89.49233594], "77": [43.06054371, -89.47226341], "78": [43.05384839, -89.47422797], "79": [43.05370556, -89.48642369], "80": [43.05671492, -89.49669726], "81": [43.05749959, -89.50372862], "82": [43.06078087, -89.50829645], "83": [43.06067307, -89.51785993], "84": [43.06038507, -89.51693093], "85": [43.06049688, -89.50726535], "86": [43.06064598, -89.49156057], "87": [43.06069983, -89.4780305], "88": [43.06018251, -89.50797795], "89": [43.05736581, -89.50399190000002], "90": [43.05632154, -89.49604492], "91": [43.05324707, -89.48558594], "92": [43.05389965, -89.474547], "93": [43.06127315, -89.47201691], "94": [43.07290623, -89.46362725], "95": [43.07290448, -89.45729943], "96": [43.07514079, -89.45032372], "97": [43.07509505, -89.44423739], "98": [43.073190000000004, -89.43321641], "99": [43.07372202, -89.42044453], "100": [43.06014177, -89.52687523], "101": [43.06052843, -89.5259405], "102": [43.05973503, -89.53749979], "103": [43.05971396, -89.53714411], "104": [43.05113081, -89.53664057], "105": [43.07410594, -89.3924077], "106": [43.07389445, -89.38892534], "107": [43.07244966, -89.3853073], "108": [43.07012396, -89.38714370000001], "109": [43.07336823, -89.38181132], "110": [43.07271071, -89.38121013], "111": [43.07601594, -89.38031324], "112": [43.13741506, -89.34630514], "113": [43.09433681, -89.36166884], "114": [43.09410871, -89.36266346], "115": [43.10721194, -89.35434942], "116": [43.10641227, -89.35521488], "117": [43.11382428, -89.35650707], "118": [43.12230146, -89.35480742], "119": [43.12126811, -89.35519869], "120": [43.12883612, -89.35449462], "121": [43.12899343, -89.35471554], "122": [43.10112756, -89.36387984], "123": [43.10057401, -89.36418749], "124": [43.119209999999995, -89.3636272], "125": [43.11863663, -89.3638176]}